--Generated Using VBA
insert into PUBLISHER(Name)
VALUES
('Addison-Wesley Pub Co'),('Addison-Wesley Publishing'),('Anchor Books'),('Back Bay Books'),('Ballantine Books'),('Ballantine Books '),('Berkley Pub Group'),('Clarkson N. Potter'),('Crown Pub'),('Del Rey'),('Dell Pub Co'),('Donald M. Grant Publisher, Inc.'),('Doubleday'),('Fireside'),('Gibbs Smith Publisher'),('Harlequin'),('Harper'),('HarperCollins'),('Harperperennial Library'),('Harvard Univ Pr'),('Harvest Books'),('John Wiley & Sons'),('Jossey-Bass'),('Knopf'),('Lark Books'),('Little Brown & Company'),('Macromedia Press'),('McGraw-Hill Osborne Media'),('McGraw-Hill Trade'),('McGraw-Hill/Irwin'),('MIT Press'),('Morgan Kaufmann'),('Multnomah Publishers Inc.'),('New Riders Publishing'),('O''Reilly & Associates'),('Pantheon Books'),('Penguin USA '),('Perennial'),('Perseus Publishing'),('Picador'),('Pocket Books'),('Prentice Hall'),('Prentice Hall PTR'),('Putnam Pub Group'),('Random House'),('Random House Trade Paperbacks'),('Schmidt Ink, Inc.'),('Scribner'),('Scribner Paperback Fiction'),('Silhouette'),('Simon & Schuster'),('South-Western College Pub'),('St. Martin''s Press'),('Sybex'),('Taunton Pr'),('Vendome Pr'),('Viking Press'),('Vintage Books'),('W.W. Norton & Company'),('Warner Books'),('Wolfram Media, Inc.'),('Wrox Press Inc');

--Generated Using VBA

insert into BOOK(ISBN,Title,PubName,Year,Price,Category,Language)
values
('782140661','OCP: Oracle9i Certification Kit','Sybex',2002,104.97,'Computer','English'),('72227885','SQL Server 2000 for Experienced DBA''s','McGraw-Hill Osborne Media',2003,34.99,'Computer','English'),('471200247','The Data Warehouse Toolkit: The Complete Guide to Dimensional Modeling','John Wiley & Sons',2002,50,'Computer','English'),('72227710','How To Do Everything with Your Tablet PC','McGraw-Hill Osborne Media',2003,17.49,'Computer','English'),('1558605525','Data Mining: Practical Machine Learning Tools and Techniques with Java Implementations','Morgan Kaufmann',1999,49.95,'Computer','English'),('972263608','Creating Documents with BusinessObjects 5.1','Schmidt Ink, Inc.',2002,99,'Computer','English'),('201615762','The Guru''s Guide to Transact-SQL','Addison-Wesley Pub Co',2000,38.49,'Computer','English'),('782140114','Access 2002 Developer''s Handbook Set','Sybex',2001,69.99,'Computer','English'),('321125169','ColdFusion MX Web Application Construction Kit','Macromedia Press',2002,38.49,'Computer','English'),('805317554','Fundamentals of Database Systems ','Addison-Wesley Publishing',1999,95,'Computer','English'),('1861004486','Professional SQL Server 2000 Programming','Wrox Press Inc',2000,41.99,'Computer','English'),('735712123','MySQL','Addison-Wesley Publishing',2003,34.99,'Computer','English'),('425188361','Cerulean Sins','Berkley Pub Group',2003,16.07,'Literature & Fiction','English'),('142001740','The Secret Life of Bees','Penguin USA ',2003,14,'Literature & Fiction','English'),('596004478','Google Hacks','O''Reilly & Associates',2003,24.95,'Computer','English'),('71414339','Investing in Fixer-Uppers : A Complete Guide to Buying Low, Fixing Smart, Adding Value, and Selling (or Renting) High','McGraw-Hill Trade',2003,18.95,'Accounting & Finance','English'),('312311354','The Pianist','Picador',2003,13,'Literature & Fiction','English'),('312287941','The Girl in the Red Coat: A Memoir','St. Martin''s Press',2002,25.95,'Literature & Fiction','English'),('312243022','The Hours','Picador',2000,3.44,'Literature & Fiction','English'),('609610570','Execution: The Discipline of Getting Things Done','Crown Pub',2002,27.5,'Reference','English'),('316602051','The Jester','Little Brown & Company',2003,27.95,'Literature & Fiction','English'),('743222008','The Vanished Man: A Lincoln Rhyme Novel','Simon & Schuster',2003,25,'Literature & Fiction','English'),('66214750','Twelve Times Blessed','HarperCollins',2003,25.95,'Literature & Fiction','English'),('787960756','The Five Dysfunctions of a Team: A Leadership Fable','Jossey-Bass',2002,13.2,'Accounting & Finance','English'),('743206061','The Second Time Around','Simon & Schuster',2003,26,'Accounting & Finance','English'),('1590520734','The Rescuer: The O''Malley Series','Multnomah Publishers Inc.',2003,12.99,'Romance','English'),('60934417','Bel Canto: A Novel','Perennial',2002,13.95,'Romance','English'),('440237556','The Dark Highlander','Dell Pub Co',2002,6.99,'Romance','English'),('373272839','Letters to Kelly','Harlequin',2003,4.75,'Romance','English'),('670031518','The Blank Slate: The Modern Denial of Human Nature','Viking Press',2002,27.95,'Science','English'),('738206679','Linked: The New Science of Networks','Perseus Publishing',2002,26,'Science','English'),('679768671','Consilience: The Unity of Knowledge','Random House',1999,15,'Science','English'),('679450785','The Future of Life','Knopf',2002,22,'Science','English'),('1579550088','A New Kind of Science','Wolfram Media, Inc.',2002,44.95,'Science','English'),('684843285','ON FOOD AND COOKING','Fireside',1997,22,'Science','English'),('471358983','Building Construction Illustrated','John Wiley & Sons',2000,40,'Home Design','English'),('394739698','A Field Guide to American Houses','Random House Trade Paperbacks',1984,24.95,'Home Design','English'),('1586851322','Prefab','Gibbs Smith Publisher',2002,39.95,'Home Design','English'),('1586851357','Cabins & Camps','Gibbs Smith Publisher',2002,60,'Home Design','English'),('1561586481','The New City Home: Smart Solutions for Metro Living','Taunton Pr',2003,24.95,'Home Design','English'),('865659982','Composers'' Houses','Vendome Pr',1998,50,'Home Design','English'),('517576600','Color: Natural Palettes for Painted Rooms','Clarkson N. Potter',1992,50,'Home Design','English'),('262024829','Financial Modeling ','MIT Press',2000,70,'Accounting & Finance','English'),('72294337','Financial Markets & Corporate Strategy','McGraw-Hill/Irwin',2001,122.5,'Accounting & Finance','English'),('72315318','Analysis for Financial Management','McGraw-Hill/Irwin',2000,79.2,'Accounting & Finance','English'),('324107501','Advanced Accounting','South-Western College Pub',2001,112.95,'Accounting & Finance','English'),('471363049','Intermediate Accounting','John Wiley & Sons',2001,139.2,'Accounting & Finance','English'),('130323519','Financial Reporting and Analysis ','Prentice Hall',2001,126.67,'Accounting & Finance','English'),('446527793','The Guardian','Warner Books',2003,24.95,'Literature & Fiction','English'),('743244249','Cosmopolis: A Novel','Scribner',2003,25,'Literature & Fiction','English'),('743467523','Dreamcatcher','Pocket Books',2003,7.99,'Horror','English'),('375703764','House of Leaves','Pantheon Books',2000,19.95,'Horror','English'),('345452089','The Vampire''s Violin','Del Rey',2003,6.99,'Horror','English'),('385504470','Lullaby: A Novel','Doubleday',2002,17.47,'Horror','English'),('312276702','Jinn: A Novel','St. Martin''s Press',2003,24.95,'Horror','English'),('743457358','Everything''s Eventual: 14 Dark Tales','Pocket Books',2002,7.99,'Horror','English'),('1880418568','Wolves of the Calla ','Donald M. Grant Publisher, Inc.',2003,35,'Horror','English'),('743455967','On Writing','Pocket Books',2002,7.99,'Horror','English'),('140077022','White Noise ','Penguin USA ',1991,14,'Literature & Fiction','English'),('679722955','The Names','Vintage Books',1989,11.2,'Literature & Fiction','English'),('684848155','UNDERWORLD: A NOVEL','Scribner Paperback Fiction',1998,16,'Literature & Fiction','English'),('471286168','Architecture: Form, Space, and Order','John Wiley & Sons',1996,39.95,'Home Design','English'),
('471288217','A Visual Dictionary of Architecture','John Wiley & Sons',1996,39.95,'Home Design','English'),('156006219','The Magician''s Assistant','Harvest Books',1998,13,'Romance','English'),('60540753','Patron Saint of Liars','Harperperennial Library',2003,13.95,'Romance','English'),('393318486','How the Mind Works','W.W. Norton & Company',1999,17.95,'Science','English'),('60958332','The Language Instinct: How the Mind Creates Language','Perennial',2000,10.5,'Science','English'),('60958405','Words and Rules: The Ingredients of Language','Perennial',2000,15,'Science','English'),('393319407','The Diversity of Life','W.W. Norton & Company',1999,16.95,'Science','English'),('067463442X','On Human Nature','Harvard Univ Pr',1988,18.95,'Science','English'),('446608955','A Walk to Remember','Warner Books',2000,6.99,'Literature & Fiction','English'),('446676098','The Notebook','Warner Books',1999,12.95,'Literature & Fiction','English'),('446606812','Message in a Bottle','Warner Books',1999,7.5,'Literature & Fiction','English'),('262521415','Numerical Techniques in Finance','MIT Press',1989,35,'Accounting & Finance','English'),('262232197','Econometric Analysis of Cross Section and Panel Data','MIT Press',2001,74.95,'Accounting & Finance','English'),('324113641','Introductory Econometrics: A Modern Approach','South-Western College Pub',2002,107.95,'Accounting & Finance','English'),('471391123','Beyond Coso : Internal Control to Enhance Corporate Governance','John Wiley & Sons',2000,50,'Accounting & Finance','English'),('130998516','Real World FPGA Design with Verilog','Prentice Hall PTR',1999,83,'Computer','English'),('1565924916','Ldap System Administration','O''Reilly & Associates',2003,39.95,'Computer','English'),('735712360','The Photoshop Book for Digital Photographers','New Riders Publishing',2003,39.99,'Computer','English'),('735712379','Photoshop 7 Down & Dirty Tricks','New Riders Publishing',2002,39.99,'Computer','English'),('735713170','Mac OS X v. 10.2 Jaguar Killer Tips','New Riders Publishing',2002,29.99,'Computer','English'),('1558606432','Persuasive Technology: Using Computers to Change What We Think and Do','Morgan Kaufmann',2002,34.95,'Computer','English'),('72222743','A+ Certification All-in-One Exam Guide','McGraw-Hill Osborne Media',2002,59.99,'Computer','English'),('345409469','The Demon-Haunted World: Science As a Candle in the Dark','Ballantine Books ',1997,14.95,'Science','English'),('375508325','Cosmos','Random House',2002,35,'Science','English'),('345336895','Broca''s Brain: Reflections on the Romance of Science','Ballantine Books',1993,6.99,'Science','English'),('671004107','Contact','Pocket Books',1997,7.99,'Science','English'),('345376595','Pale Blue Dot: A Vision of the Human Future in Space','Ballantine Books ',1997,12.95,'Science','English'),('316666343','The Lovely Bones: A Novel','Little Brown & Company',2002,21.95,'Literature & Fiction','English'),('316096199','Lucky: A Memoir','Back Bay Books',2002,11.95,'Literature & Fiction','English'),('038572179X','Atonement','Anchor Books',2003,14,'Literature & Fiction','English'),('385494246','Amsterdam','Anchor Books',1999,12,'Literature & Fiction','English'),('385494327','Black Dogs','Anchor Books',1999,14,'Literature & Fiction','English'),('385494149','Enduring Love','Anchor Books',1999,13,'Literature & Fiction','English'),('399149848','Birthright','Putnam Pub Group',2003,25.95,'Literature & Fiction','English'),('373218192','Engaging The Enemy','Silhouette',2003,7.5,'Literature & Fiction','English'),('373218257','Love By Design','Harlequin',2003,14.95,'Literature & Fiction','English'),('399149392','Chesapeake Blue','Putnam Pub Group',2002,25.95,'Literature & Fiction','English'),('1561584029','The Complete Illustrated Guide to Furniture and Cabinet Construction','Taunton Pr',2001,39.95,'Home Design','English'),('1579902944','Choosing & Using Hand Tools','Lark Books',2002,19.95,'Home Design','English'),('1561586196','Building a Shed','Taunton Pr',2003,19.95,'Home Design','English'),('61092177','Small Gods','Harper',1994,7.99,'Fantasy','English'),('60502935','Going Postal','Harper',2005,7.99,'Fantasy','English'),('61020656','Pyramids','Harper',2001,7.99,'Fantasy','English'),('60855925','The Color of Magic','Harper',2005,13.99,'Fantasy','English'),('61020648','Guards! Guards!','Harper',2001,7.99,'Fantasy','English'),('61161721','Unseen Academicals','Harper',2010,7.99,'Fantasy','English');

--Generated Using VBA
insert into AUTHOR(FirstN,MiddleN,LastN,AuthID)
VALUES
('Chip','','Dawes',0),('Biju','','Thomas',1),('Doug','','Stuns',2),('Matthew','','Weishan',3),('Joseph','C.','Johnson',4),('Brian','','Knight',5),('Ralph','','Kimball',6),('Margy','','Ross',7),('Bill','','Mann',8),('Ian','H.','Witten',9),('Eibe','','Frank',10),('Robert','D.','Schmidt',11),('Ken','','Henderson',12),('Paul','','Litwin',13),('Ken','','Getz',14),('Mike','','Gunderloy',15),('Ben','','Forta',16),('Nate','','Weiss',17),('Leon','','Chalnick',18),('Angela','C.','Buraglia',19),('Ramez','A.','Elmasri',20),('Shamkant','B.','Navathe',21),('Rob','','Vieira',22),('Paul','','DuBois',23),('Laurell','K.','Hamilton',24),('Sue','Monk','Kidd',25),('Tara','','Calishain',26),('Rael','','Dornfest',27),('Jay','P.','Decima',28),('Wladyslaw','','Szpilman',29),('Roma','','Ligocka',30),('Michael','','Cunningham',31),('Larry','','Bossidy',32),('Ram','','Charan',33),('Charles','','Burck',34),('James','','Patterson',35),('Andrew','','Gross',36),('Jeffery','','Deaver',37),('Jacquelyn','','Mitchard',38),('Patrick','','Lencioni',39),('Mary','Higgins','Clark',40),('Dee','','Henderson',41),('Ann','','Patchett',42),('Karen','Marie','Moning',43),('Suzanne','','Brockmann',44),('Steven','','Pinker',45),('Albert-László','','Barabási',46),('Edward','Osborne','Wilson',47),('Stephen','','Wolfram',48),('Harold','','McGee',49),('Cassandra','','Adams',50),('Virginia','','McAlester',51),('Lee','','McAlester',52),('Bryan','','Burkhart',53),('Allison','','Arieff',54),('Ralph','R.','Kylloe',55),('Leslie','Plummer','Clagett',56),('Gerard','','Gefen',57),('Christine','','Bastin',58),('Jacques','','Evrard',59),('Donald','','Kaufman',60),('Taffy','','Dahl',61),('Laurel','','Graeber',62),('Tina','','Freeman',63),('Mark','','Grinblatt',64),('Sheridan','','Titman',65),('Robert','C.','Higgins',66),('Paul','Marcus','Fischer',67),('William','James','Taylor',68),('Rita','Hartung','Cheng',69),('Donald','E.','Kieso',70),('Jerry','J.','Weygandt',71),('Terry','D.','Warfield',72),('Lawrence','','Revsine',73),('Daniel','W.','Collins',74),('W.','Bruce','Johnson',75),('Nicholas','','Sparks',76),('Don','','DeLillo',77),('Stephen','','King',78),('Mark','Z.','Danielewski',79),('Michael','','Romkey',80),('Chuck','','Palahniuk',81),('Matthew','','Delaney',82),('Bernie','','Wrightson',83),('Simon','','Benninga',84),('Jeffrey','M.','Wooldridge',85),('Steven','J.','Root',86),('Ken','','Coffman',87),('Gerald','','Carter',88),('Scott','','Kelby',89),('B.','J.','Fogg',90),('Michael','','Meyers',91),('Carl','','Sagan',92),('Alice','','Sebold',93),('Ian','','McEwan',94),('Nora','','Roberts',95),('Andy','','Rae',96),('Joseph','','Truini',97),('Terry','','Pratchett',98);
--Generated Using VBA
insert into BOOK_AUTHOR(AuthID,ISBN)
values
(0,'782140661'),(1,'782140661'),(2,'782140661'),(3,'782140661'),(4,'782140661'),(5,'72227885'),(6,'471200247'),(7,'471200247'),(8,'72227710'),(9,'1558605525'),(10,'1558605525'),(11,'972263608'),(12,'201615762'),(13,'782140114'),(14,'782140114'),(15,'782140114'),(16,'321125169'),(17,'321125169'),(18,'321125169'),(19,'321125169'),(20,'805317554'),(21,'805317554'),(22,'1861004486'),(23,'735712123'),(23,'425188361'),(24,'142001740'),(25,'596004478'),(26,'596004478'),(26,'71414339'),(27,'312311354'),(28,'312287941'),(29,'312243022'),(30,'609610570'),(31,'609610570'),(32,'609610570'),(33,'316602051'),(34,'316602051'),(35,'743222008'),(36,'66214750'),(37,'787960756'),(38,'743206061'),(39,'1590520734'),(40,'60934417'),(41,'440237556'),(42,'373272839'),(43,'670031518'),(44,'738206679'),(44,'679768671'),(44,'679450785'),(45,'1579550088'),(46,'684843285'),(46,'471358983'),(47,'471358983'),(48,'394739698'),(49,'394739698'),(50,'1586851322'),(51,'1586851322'),(51,'1586851357'),(51,'1561586481'),(52,'865659982'),(53,'865659982'),(54,'865659982'),(55,'517576600'),(56,'517576600'),(57,'517576600'),(58,'517576600'),(58,'262024829'),(59,'72294337'),(60,'72294337'),(60,'72315318'),(61,'324107501'),(62,'324107501'),(63,'324107501'),(64,'471363049'),(65,'471363049'),(66,'471363049'),(67,'130323519'),(68,'130323519'),(69,'130323519'),(70,'446527793'),(70,'743206061'),(71,'743244249'),(72,'743467523'),(72,'375703764'),(73,'345452089'),(74,'385504470'),(75,'312276702'),(72,'743457358'),(72,'1880418568'),(76,'1880418568'),(77,'743455967'),(71,'140077022'),(78,'679722955'),(78,'684848155'),(78,'471286168'),(78,'471288217'),(79,'156006219'),(79,'60540753'),(80,'393318486'),(80,'60958332'),(80,'60958405'),(80,'393319407'),(80,'067463442X'),(70,'446608955'),(70,'446676098'),(70,'446606812'),(81,'262521415'),(81,'262232197'),(81,'324113641'),(81,'471391123'),(82,'130998516'),(83,'1565924916'),(84,'735712360'),(84,'735712379'),(84,'735713170'),(84,'1558606432'),(85,'72222743'),(86,'345409469'),(86,'375508325'),(86,'345336895'),(86,'671004107'),(86,'345376595'),(87,'316666343'),(88,'316096199'),(89,'038572179X'),(89,'385494246'),(89,'385494327'),(89,'385494149'),(90,'399149848'),(90,'373218192'),(90,'373218257'),(90,'399149392'),(91,'1561584029'),(91,'1579902944'),(92,'1561586196'),(93,'61092177'),(93,'60502935'),(93,'61020656'),(93,'60855925'),(93,'61020648'),(93,'61161721');

--Generated by Your Boy
--ALL ID NUMBERS ARE DEFINED BY AUTOINCREMENT
--Generate SSN Number
--(SELECT ABS((RANDOM() %(999999999-100000000))+100000000))

--Pre-Defined Customers
insert into CUSTOMER(CustomerID, FirstN, LastN, Email)
values
(1, 'Joe', 'Peters', 'joe@peters.com'),(2, 'Russel','Peters', 'russel@peters.com'),(3, 'Gary','Oldman', 'thatoldguy@gmail.com'),
(4, 'Steve','Bushemi', 'crazyeyejoe@hollywood.com'),(5, 'Squidward','Tortellini!', 'sqtort@thebikinibottom.org'),(6, 'Ponald','Drumph', 'prez@dehwhitehouse.govh'),
(7, 'Michael','Scott', 'stevecarrell@hollywood.com'),(8, 'Jim','Halpert', NULL),(9, 'Steve','Carrell', 'mikescott@scranton.net'),(10, 'Ben','Ras', 'who@who.com'),
(11, 'Niel','Breshoff', NULL),(12, 'Joe','Shmo', 'anonymous@yahoo.com'),(13, 'Gary','Newman', 'newtogary@hotmail.com'),(14, 'Newman','', 'whonewman@hotmail.com'),
(15, 'Michael','Bluth', 'whoisdis@bluth.com'),(16, 'Henry','Kissfinger', 'henry@whitehouse.gov'),
(17, 'Ronald','Reagan', 'teardownthiswall@gorbachev.com'),(18, 'Squirrel','Boy', 'crazyfor@nuts.com'),(19, 'Steve','Nash', 'droppindimes@nba.com'),
(20, 'Jim','Jong', 'jj@seoul.com'),(21, 'Chandler','Bing', 'bingo@friends.com');

insert into ADDRESS(CustomerID, Street, City, State)
values
(1, '211 E Northwood Ave', 'Columbus', 'Ohio'),
(1, '56 Frambes', 'Columbus', 'Ohio'),
(1, '1600 Wall Street', 'New York City', 'New York'),
(2, '89 Ravenna Road', 'Twinsburg', 'Ohio'),
(2, '10039 Serene Court', 'Twinsburg', 'Ohio'),
(4, '1467 Park Ridge', 'Hudson', 'Ohio'),
(5, '58 W Lafayette Street', 'San Francisco', 'California'),
(7, '4567 Madeup Street', 'Oklahoma City', 'Oklahoma'),
(9, '23 College Road', 'Columbus', 'Ohio'),
(9, '2520 Old Mill Road', 'Twinsburg Township', 'Ohio'),
(9, '10039 Serene Court', 'Twinsburg', 'Ohio'),
(10, '12 Im running out of ideas lane', 'Seattle', 'Washington'),
(11, '45 Woody Hayes Drive', 'Columbus', 'Ohio'),
(11, '181 18th Avenue', 'Columbus', 'Ohio'),
(11, '63 W Oakland Avenue', 'Columbus', 'Ohio'),
(13, '284 Paradise Drive', 'Honolulu', 'Hawaii'),
(13, '456 Belfair Dr', 'Anchorage', 'Alaska'),
(17, '7896 Chamberlin Road', 'Jacksonville', 'Florida'),
(19, '34 Euclid Ave', 'Cleveland', 'Ohio'),
(20, '7 Houston Ave', 'New York City', 'New York');

--Pre-Defined Distributers
insert into DISTRIBUTER(Name)
values
('Quick Attack'),('Steve''s Books'),('Bob''s Books'),('Book-a-Roo'),('Harries'),('Northrop Grumman'),('Jess Doggs Books'),('ZibZobs'),('Corfincle'),('The Best Books'),('The Ok Books'),('The Subpar Books'),('Everset'),('Himalaya'),('Nepalese Books'),('Big Fantasy'),('Reading Rainbow'),('Dinosaurific Books'),('Nice One!'),('The Crusty Barnicle');
 
 --Pre-Defined Distributers
insert into WAREHOUSE(W_City,W_State)
values
('Istanbul','Turkey'),('Karachi','Pakistan'),('Budapest','Hungary'),('London','England'),('Paris','France'),('Moscow','Russia'),('Madrid','Spain'),('Rome','Italy'),('Cleveland','Ohio'),('Beijing','China'),('San Fransico','California'),('Shanghai','China'),('Sydney','Australia'),('Jakarta','Indonesia'),('Vilnius','Lithuania'),('Krakow','Poland'),('Dublin','Ireland'),('Yemen City','Yemen'),('Buenas Aires','Argentina'),('Mountain View','California');

--Random SSN, Pre-Defined Name, Job, and Salary, random warehouse ID
insert into EMPLOYEE(SSN,Title,FirstN,LastN,Salary,WarehouseID)
values
((SELECT ABS((RANDOM() %(999999999-100000000))+100000000)),"Dock Worker",'Joe','Shmo',40000,(SELECT WarehouseID FROM WAREHOUSE ORDER BY RANDOM() LIMIT 1)),
((SELECT ABS((RANDOM() %(999999999-100000000))+100000000)),"Dock Worker",'Hary','Houdini',40000,(SELECT WarehouseID FROM WAREHOUSE ORDER BY RANDOM() LIMIT 1)),
((SELECT ABS((RANDOM() %(999999999-100000000))+100000000)),"Dock Worker",'Adam','Bool',40000,(SELECT WarehouseID FROM WAREHOUSE ORDER BY RANDOM() LIMIT 1)),
((SELECT ABS((RANDOM() %(999999999-100000000))+100000000)),"Dock Worker",'Bob','Cap',40000,(SELECT WarehouseID FROM WAREHOUSE ORDER BY RANDOM() LIMIT 1)),
((SELECT ABS((RANDOM() %(999999999-100000000))+100000000)),"Dock Worker",'De','Fee',40000,(SELECT WarehouseID FROM WAREHOUSE ORDER BY RANDOM() LIMIT 1)),
((SELECT ABS((RANDOM() %(999999999-100000000))+100000000)),"Dock Worker",'Fang','Ge',40000,(SELECT WarehouseID FROM WAREHOUSE ORDER BY RANDOM() LIMIT 1)),
((SELECT ABS((RANDOM() %(999999999-100000000))+100000000)),"Dock Worker",'Gary','Hap',40000,(SELECT WarehouseID FROM WAREHOUSE ORDER BY RANDOM() LIMIT 1))
,((SELECT ABS((RANDOM() %(999999999-100000000))+100000000)),"Dock Worker",'Gaven','Harper',40000,(SELECT WarehouseID FROM WAREHOUSE ORDER BY RANDOM() LIMIT 1))
,((SELECT ABS((RANDOM() %(999999999-100000000))+100000000)),"Dock Worker",'Hussein','Ingram',40000,(SELECT WarehouseID FROM WAREHOUSE ORDER BY RANDOM() LIMIT 1))
,((SELECT ABS((RANDOM() %(999999999-100000000))+100000000)),"Dock Worker",'Inbal','Jones',40000,(SELECT WarehouseID FROM WAREHOUSE ORDER BY RANDOM() LIMIT 1))
,((SELECT ABS((RANDOM() %(999999999-100000000))+100000000)),"Dock Worker",'James','Kamp',40000,(SELECT WarehouseID FROM WAREHOUSE ORDER BY RANDOM() LIMIT 1))
,((SELECT ABS((RANDOM() %(999999999-100000000))+100000000)),"Dock Worker",'Kevin','Low',40000,(SELECT WarehouseID FROM WAREHOUSE ORDER BY RANDOM() LIMIT 1))
,((SELECT ABS((RANDOM() %(999999999-100000000))+100000000)),"Dock Worker",'Kumal','Lover',40000,(SELECT WarehouseID FROM WAREHOUSE ORDER BY RANDOM() LIMIT 1))
,((SELECT ABS((RANDOM() %(999999999-100000000))+100000000)),"Dock Worker",'Larry','Mendoza',40000,(SELECT WarehouseID FROM WAREHOUSE ORDER BY RANDOM() LIMIT 1))
,((SELECT ABS((RANDOM() %(999999999-100000000))+100000000)),"Dock Worker",'Mark','Nasmith',40000,(SELECT WarehouseID FROM WAREHOUSE ORDER BY RANDOM() LIMIT 1))
,((SELECT ABS((RANDOM() %(999999999-100000000))+100000000)),"Dock Worker",'Nark','Ozark',40000,(SELECT WarehouseID FROM WAREHOUSE ORDER BY RANDOM() LIMIT 1))
,((SELECT ABS((RANDOM() %(999999999-100000000))+100000000)),"Dock Worker",'Opal','Plum',40000,(SELECT WarehouseID FROM WAREHOUSE ORDER BY RANDOM() LIMIT 1))
,((SELECT ABS((RANDOM() %(999999999-100000000))+100000000)),"Dock Worker",'Phillip','Shvartsman',40000,(SELECT WarehouseID FROM WAREHOUSE ORDER BY RANDOM() LIMIT 1))
,((SELECT ABS((RANDOM() %(999999999-100000000))+100000000)),"Dock Worker",'Sam','Trever',40000,(SELECT WarehouseID FROM WAREHOUSE ORDER BY RANDOM() LIMIT 1))
,((SELECT ABS((RANDOM() %(999999999-100000000))+100000000)),"Dock Worker",'Trey','Barry',40000,(SELECT WarehouseID FROM WAREHOUSE ORDER BY RANDOM() LIMIT 1));

--Get some random distributer, some random ISBN, put it in a pot and stir it up!
insert into BOOK_DISTRIBUTER(Name,ISBN)
	select distinct d.name, b.isbn
	from book b cross join
		distributer d
	order by random()
	limit 30;

--Each customer gets two pre-defined order
insert into ORDERS(CustomerID,STATUS,Number_Of_Items, Timestamp)
values
(1,'Shipped',2, '10-05-2017 03:04:05'),
(2,'Shipped',2, '11-05-2016 12:11:34'),
(3,'Shipped',2, '05-23-2013 02:34:56'),
(4,'Shipped',2, '09-15-2014 13:56:57'),
(5,'Shipped',2, '07-08-2015 13:45:51'),
(6,'Shipped',2, '04-16-2000 23:46:56'),
(7,'Shipped',2, '03-15-2003 20:40:56'),
(8,'Shipped',2, '02-27-2005 07:08:34'),
(9,'Shipped',2, '04-26-2007 13:24:34'),
(10,'Shipped',2, '12-24-2017 23:23:23'),
(11,'Shipped',2, '01-01-2017 20:34:12'),
(12,'Shipped',2, '03-07-2016 20:34:12'),
(13,'Shipped',2, '05-28-2017 23:56:03'),
(14,'Shipped',2, '07-23-2017 23:45:34'),
(15,'Shipped',2, '05-05-2005 05:05:05'),
(16,'Shipped',2, '03-03-2003 03:03:03'),
(17,'Shipped',2, '04-04-2014 20:05:00'),
(18,'Shipped',2, '06-06-2017 03:34:00'),
(19,'Shipped',2, '07-07-2008 15:04:00'),
(20,'Shipped',2, '05-25-2015 17:23:00');

--Get a random warehouse and pair it with a random ISBN
insert into BOOK_WAREHOUSE(WarehouseID,ISBN)
	select distinct w.WarehouseID, b.isbn
	from book b cross join
		warehouse w
	order by random()
	limit 30;
update BOOK_WAREHOUSE
SET STOCK = ABS(1 + RANDOM() % 500);	
	
--For each prefined order assign two random books
insert into BOOK_ORDER(orderID, ISBN, NumberOfItems)
values
(1,(SELECT ISBN FROM BOOK ORDER BY RANDOM() LIMIT 1), 10),
(1,(SELECT ISBN FROM BOOK ORDER BY RANDOM() LIMIT 1), 4),
(2,(SELECT ISBN FROM BOOK ORDER BY RANDOM() LIMIT 1), 1),
(2,(SELECT ISBN FROM BOOK ORDER BY RANDOM() LIMIT 1), 1),
(3,(SELECT ISBN FROM BOOK ORDER BY RANDOM() LIMIT 1), 2),
(3,(SELECT ISBN FROM BOOK ORDER BY RANDOM() LIMIT 1), 3),
(4,(SELECT ISBN FROM BOOK ORDER BY RANDOM() LIMIT 1), 4),
(4,(SELECT ISBN FROM BOOK ORDER BY RANDOM() LIMIT 1), 2),
(5,(SELECT ISBN FROM BOOK ORDER BY RANDOM() LIMIT 1), 9),
(5,(SELECT ISBN FROM BOOK ORDER BY RANDOM() LIMIT 1), 7),
(6,(SELECT ISBN FROM BOOK ORDER BY RANDOM() LIMIT 1), 7),
(6,(SELECT ISBN FROM BOOK ORDER BY RANDOM() LIMIT 1), 5),
(7,(SELECT ISBN FROM BOOK ORDER BY RANDOM() LIMIT 1), 4),
(7,(SELECT ISBN FROM BOOK ORDER BY RANDOM() LIMIT 1), 3),
(8,(SELECT ISBN FROM BOOK ORDER BY RANDOM() LIMIT 1), 3),
(8,(SELECT ISBN FROM BOOK ORDER BY RANDOM() LIMIT 1), 3),
(9,(SELECT ISBN FROM BOOK ORDER BY RANDOM() LIMIT 1), 1),
(9,(SELECT ISBN FROM BOOK ORDER BY RANDOM() LIMIT 1), 1),
(10,(SELECT ISBN FROM BOOK ORDER BY RANDOM() LIMIT 1), 1),
(10,(SELECT ISBN FROM BOOK ORDER BY RANDOM() LIMIT 1), 1),
(11,(SELECT ISBN FROM BOOK ORDER BY RANDOM() LIMIT 1), 1),
(11,(SELECT ISBN FROM BOOK ORDER BY RANDOM() LIMIT 1), 1),
(12,(SELECT ISBN FROM BOOK ORDER BY RANDOM() LIMIT 1), 1),
(12,(SELECT ISBN FROM BOOK ORDER BY RANDOM() LIMIT 1), 3),
(13,(SELECT ISBN FROM BOOK ORDER BY RANDOM() LIMIT 1), 5),
(13,(SELECT ISBN FROM BOOK ORDER BY RANDOM() LIMIT 1), 4),
(14,(SELECT ISBN FROM BOOK ORDER BY RANDOM() LIMIT 1), 3),
(14,(SELECT ISBN FROM BOOK ORDER BY RANDOM() LIMIT 1), 8),
(15,(SELECT ISBN FROM BOOK ORDER BY RANDOM() LIMIT 1), 9),
(15,(SELECT ISBN FROM BOOK ORDER BY RANDOM() LIMIT 1), 3),
(16,(SELECT ISBN FROM BOOK ORDER BY RANDOM() LIMIT 1), 2),
(16,(SELECT ISBN FROM BOOK ORDER BY RANDOM() LIMIT 1), 5),
(17,(SELECT ISBN FROM BOOK ORDER BY RANDOM() LIMIT 1), 2),
(17,(SELECT ISBN FROM BOOK ORDER BY RANDOM() LIMIT 1), 3),
(18,(SELECT ISBN FROM BOOK ORDER BY RANDOM() LIMIT 1), 8),
(18,(SELECT ISBN FROM BOOK ORDER BY RANDOM() LIMIT 1), 4),
(19,(SELECT ISBN FROM BOOK ORDER BY RANDOM() LIMIT 1), 3),
(19,(SELECT ISBN FROM BOOK ORDER BY RANDOM() LIMIT 1), 2),
(20,(SELECT ISBN FROM BOOK ORDER BY RANDOM() LIMIT 1), 1),
(20,(SELECT ISBN FROM BOOK ORDER BY RANDOM() LIMIT 1), 1);


-- Create some categories that books that can be in (genres)
insert into CATEGORY(Name)
values
('Romance'),
('Science Fiction'),
('Historical Fiction'),
('Biography'),
('Auto-biography'),
('Non fiction'),
('Fantasy'),
('Comedy'),
('Dystopian'),
('Horror'),
('Tragedy'),
('Satire'),
('Detective'),
('Legend'),
('Mystery'),
('Short story'),
('Picture book'),
('Journalism'),
('Womens Fiction'),
('Other');


insert into BOOK_CATEGORY(ISBN, CategoryName)
values
('0385727179X', 'Romance'),
('130323519', 'Fantasy'),
('130998516', 'Satire'),
('130998516', 'Legend'),
('142001740', 'Journalism'),
('142001740', 'Picture book'),
('142001740', 'Horror'),
('156006219', 'Tragedy'),
('156006219', 'Horror'),
('385504470', 'Other'),
('393318486', 'Dystopian'),
('393318486', 'Comedy'),
('399149848', 'Auto-biography'),
('375703764', 'Mystery'),
('375703764', 'Detective'),
('60934417', 'Fantasy'),
('60934417', 'Womens Fiction'),
('60934417', 'Romance'),
('609610570', 'Journalism'),
('743244249', 'Science Fiction');


--For each review give a random rating, random customer, and a random ISBN
insert into REVIEW(Rating,CustomerID,BookID)
values
(
(SELECT ABS(RANDOM() % 6)),
(SELECT CustomerID FROM CUSTOMER ORDER BY RANDOM() LIMIT 1),
(SELECT ISBN FROM BOOK ORDER BY RANDOM() LIMIT 1)),
(
(SELECT ABS(RANDOM() % 6)),
(SELECT CustomerID FROM CUSTOMER ORDER BY RANDOM() LIMIT 1),
(SELECT ISBN FROM BOOK ORDER BY RANDOM() LIMIT 1)),
(
(SELECT ABS(RANDOM() % 6)),
(SELECT CustomerID FROM CUSTOMER ORDER BY RANDOM() LIMIT 1),
(SELECT ISBN FROM BOOK ORDER BY RANDOM() LIMIT 1)),
(
(SELECT ABS(RANDOM() % 6)),
(SELECT CustomerID FROM CUSTOMER ORDER BY RANDOM() LIMIT 1),
(SELECT ISBN FROM BOOK ORDER BY RANDOM() LIMIT 1)),
(
(SELECT ABS(RANDOM() % 6)),
(SELECT CustomerID FROM CUSTOMER ORDER BY RANDOM() LIMIT 1),
(SELECT ISBN FROM BOOK ORDER BY RANDOM() LIMIT 1)),
(
(SELECT ABS(RANDOM() % 6)),
(SELECT CustomerID FROM CUSTOMER ORDER BY RANDOM() LIMIT 1),
(SELECT ISBN FROM BOOK ORDER BY RANDOM() LIMIT 1)),
(
(SELECT ABS(RANDOM() % 6)),
(SELECT CustomerID FROM CUSTOMER ORDER BY RANDOM() LIMIT 1),
(SELECT ISBN FROM BOOK ORDER BY RANDOM() LIMIT 1)),
(
(SELECT ABS(RANDOM() % 6)),
(SELECT CustomerID FROM CUSTOMER ORDER BY RANDOM() LIMIT 1),
(SELECT ISBN FROM BOOK ORDER BY RANDOM() LIMIT 1)),
(
(SELECT ABS(RANDOM() % 6)),
(SELECT CustomerID FROM CUSTOMER ORDER BY RANDOM() LIMIT 1),
(SELECT ISBN FROM BOOK ORDER BY RANDOM() LIMIT 1)),
(
(SELECT ABS(RANDOM() % 6)),
(SELECT CustomerID FROM CUSTOMER ORDER BY RANDOM() LIMIT 1),
(SELECT ISBN FROM BOOK ORDER BY RANDOM() LIMIT 1)),
(
(SELECT ABS(RANDOM() % 6)),
(SELECT CustomerID FROM CUSTOMER ORDER BY RANDOM() LIMIT 1),
(SELECT ISBN FROM BOOK ORDER BY RANDOM() LIMIT 1)),
(
(SELECT ABS(RANDOM() % 6)),
(SELECT CustomerID FROM CUSTOMER ORDER BY RANDOM() LIMIT 1),
(SELECT ISBN FROM BOOK ORDER BY RANDOM() LIMIT 1)),
(
(SELECT ABS(RANDOM() % 6)),
(SELECT CustomerID FROM CUSTOMER ORDER BY RANDOM() LIMIT 1),
(SELECT ISBN FROM BOOK ORDER BY RANDOM() LIMIT 1)),
(
(SELECT ABS(RANDOM() % 6)),
(SELECT CustomerID FROM CUSTOMER ORDER BY RANDOM() LIMIT 1),
(SELECT ISBN FROM BOOK ORDER BY RANDOM() LIMIT 1)),
(
(SELECT ABS(RANDOM() % 6)),
(SELECT CustomerID FROM CUSTOMER ORDER BY RANDOM() LIMIT 1),
(SELECT ISBN FROM BOOK ORDER BY RANDOM() LIMIT 1)),
(
(SELECT ABS(RANDOM() % 6)),
(SELECT CustomerID FROM CUSTOMER ORDER BY RANDOM() LIMIT 1),
(SELECT ISBN FROM BOOK ORDER BY RANDOM() LIMIT 1)),
(
(SELECT ABS(RANDOM() % 6)),
(SELECT CustomerID FROM CUSTOMER ORDER BY RANDOM() LIMIT 1),
(SELECT ISBN FROM BOOK ORDER BY RANDOM() LIMIT 1)),
(
(SELECT ABS(RANDOM() % 6)),
(SELECT CustomerID FROM CUSTOMER ORDER BY RANDOM() LIMIT 1),
(SELECT ISBN FROM BOOK ORDER BY RANDOM() LIMIT 1)),
(
(SELECT ABS(RANDOM() % 6)),
(SELECT CustomerID FROM CUSTOMER ORDER BY RANDOM() LIMIT 1),
(SELECT ISBN FROM BOOK ORDER BY RANDOM() LIMIT 1)),
(
(SELECT ABS(RANDOM() % 6)),
(SELECT CustomerID FROM CUSTOMER ORDER BY RANDOM() LIMIT 1),
(SELECT ISBN FROM BOOK ORDER BY RANDOM() LIMIT 1)),
(
(SELECT ABS(RANDOM() % 6)),
(SELECT CustomerID FROM CUSTOMER ORDER BY RANDOM() LIMIT 1),
(SELECT ISBN FROM BOOK ORDER BY RANDOM() LIMIT 1));
